{"$schema":"http://schema.management.azure.com/schemas/2015-01-01/deploymentTemplate.json#","contentVersion":"1.0.0.0","parameters":{"factoryName":{"type":"string","metadata":"Data Factory name"},"AzureMLService1":{"type":"string"},"FabricSinghealth_SharePointOnlineList":{"type":"string"},"FabricSingHealth_HttpConn1":{"type":"string"},"FabricSinghealth_AzureBlobStorage":{"type":"string"}},"variables":{"factoryId":"[concat('Microsoft.DataFactory/factories/', parameters('factoryName'))]"},"resources":[{"name":"[concat(parameters('factoryName'), '/sharepoint_copyfiles_pipeline_ml_template')]","type":"Microsoft.DataFactory/factories/pipelines","apiVersion":"2018-06-01","properties":{"activities":[{"name":"ACT_GEN_LKP_SharepointOnlineFiles","description":"This activity is used to lookup for list of SharePoint online files in specified location.","type":"Lookup","dependsOn":[],"policy":{"timeout":"0.12:00:00","retry":0,"retryIntervalInSeconds":30,"secureOutput":false,"secureInput":false},"userProperties":[],"typeProperties":{"source":{"type":"SharePointOnlineListSource","query":"$select=Name,Path","httpRequestTimeout":"00:05:00"},"dataset":{"referenceName":"SharePointOnlineListResource11","type":"DatasetReference","parameters":{}},"firstRowOnly":false}},{"name":"ACT_ITRC_FOR_eachitemInControlTable","description":"This activity will iterate over all the objects fetched from the control table. Please note that the sequential checkbox is on to ensure that the variables used are set appropriately.","type":"ForEach","dependsOn":[{"activity":"ACT_GEN_LKP_SharepointOnlineFiles","dependencyConditions":["Succeeded"]}],"userProperties":[],"typeProperties":{"items":{"value":"@activity('ACT_GEN_LKP_SharepointOnlineFiles').output.value","type":"Expression"},"isSequential":true,"activities":[{"name":"ACT_GEN_WEB_GetBearerToken","description":"This activity is used to get the bearer token which will be used for authentication.","type":"WebActivity","dependsOn":[],"policy":{"timeout":"0.12:00:00","retry":0,"retryIntervalInSeconds":30,"secureOutput":true,"secureInput":false},"userProperties":[],"typeProperties":{"method":"POST","headers":{"Content-Type":"application/x-www-form-urlencoded"},"url":"https://accounts.accesscontrol.windows.net/93b9c307-5c7e-4a18-9682-e3b997b730c1/tokens/OAuth/2","body":"grant_type=client_credentials&client_id=[Client-ID]@[Tenant-ID]&client_secret=[Client-Secret]&resource=00000003-0000-0ff1-ce00-000000000000/[Tenant-Name].sharepoint.com@[Tenant-ID]"}},{"name":"ACT_MT_Copy_FROM_SPO","description":"This activity is used to ingest files from SharePoint online.","type":"Copy","dependsOn":[{"activity":"ACT_GEN_WEB_GetBearerToken","dependencyConditions":["Succeeded"]}],"policy":{"timeout":"0.12:00:00","retry":3,"retryIntervalInSeconds":30,"secureOutput":false,"secureInput":true},"userProperties":[],"typeProperties":{"source":{"type":"BinarySource","storeSettings":{"type":"HttpReadSettings","requestMethod":"GET","additionalHeaders":{"value":"@{concat('Authorization: Bearer ', activity('ACT_GEN_WEB_GetBearerToken').output.access_token)}","type":"Expression"}},"formatSettings":{"type":"BinaryReadSettings"}},"sink":{"type":"BinarySink","storeSettings":{"type":"AzureBlobStorageWriteSettings"}},"enableStaging":false},"inputs":[{"referenceName":"FabricSingealth_HttpConn_DS2","type":"DatasetReference","parameters":{"filename":"@item().name"}}],"outputs":[{"referenceName":"FabricSinghealth_Binary_DS2","type":"DatasetReference","parameters":{"filename":"@item().name"}}]}]}},{"name":"Document Processing Pipeline","description":"Execute ML Pipeline- Chunker to chunk documents, Generate Embeddings and AI Search Indexer","type":"AzureMLExecutePipeline","dependsOn":[{"activity":"ACT_ITRC_FOR_eachitemInControlTable","dependencyConditions":["Succeeded"]}],"policy":{"timeout":"0.12:00:00","retry":0,"retryIntervalInSeconds":30,"secureOutput":false,"secureInput":false},"userProperties":[],"typeProperties":{"experimentName":"singhealth-ml","mlParentRunId":"","mlExecutionType":"pipeline","mlPipelineEndpointId":"aa01ce78-06fa-4624-bc7a-2cd5662783c1"},"linkedServiceName":{"referenceName":"[parameters('AzureMLService1')]","type":"LinkedServiceReference"}}],"policy":{"elapsedTimeMetric":{}},"annotations":[],"lastPublishTime":"2024-05-27T04:20:49Z"},"dependsOn":["[concat(variables('factoryId'), '/datasets/SharePointOnlineListResource11')]","[concat(variables('factoryId'), '/datasets/FabricSingealth_HttpConn_DS2')]","[concat(variables('factoryId'), '/datasets/FabricSinghealth_Binary_DS2')]"]},{"name":"[concat(parameters('factoryName'), '/SharePointOnlineListResource11')]","type":"Microsoft.DataFactory/factories/datasets","apiVersion":"2018-06-01","properties":{"linkedServiceName":{"referenceName":"[parameters('FabricSinghealth_SharePointOnlineList')]","type":"LinkedServiceReference"},"annotations":[],"type":"SharePointOnlineListResource","schema":[],"typeProperties":{"listName":"Documents"}},"dependsOn":[]},{"name":"[concat(parameters('factoryName'), '/FabricSingealth_HttpConn_DS2')]","type":"Microsoft.DataFactory/factories/datasets","apiVersion":"2018-06-01","properties":{"linkedServiceName":{"referenceName":"[parameters('FabricSingHealth_HttpConn1')]","type":"LinkedServiceReference"},"parameters":{"filename":{"type":"string"}},"annotations":[],"type":"Binary","typeProperties":{"location":{"type":"HttpServerLocation","relativeUrl":{"value":"@concat('GetFileByServerRelativeUrl(%27/sites/Fabric-SingHealth/Shared%20Documents/',dataset().filename,'%27)/$value')","type":"Expression"}}}},"dependsOn":[]},{"name":"[concat(parameters('factoryName'), '/FabricSinghealth_Binary_DS2')]","type":"Microsoft.DataFactory/factories/datasets","apiVersion":"2018-06-01","properties":{"linkedServiceName":{"referenceName":"[parameters('FabricSinghealth_AzureBlobStorage')]","type":"LinkedServiceReference"},"parameters":{"filename":{"type":"string"}},"annotations":[],"type":"Binary","typeProperties":{"location":{"type":"AzureBlobStorageLocation","fileName":{"value":"@dataset().filename","type":"Expression"},"container":"test-storage"}}},"dependsOn":[]}]}